{
    "x": 0.0,
    "y": -0.3149999976158142,
    "z": -6.71999979019165
}